ticker,earnings_date,time_of_day,price,normalized_price,base_price,filter_score,passed_filter,created_signal,top_20pct_performer,bottom_30pct_performer,prev_close,earnings_close,earnings_high,earnings_low,earnings_day_return,earnings_day_high_pct,earnings_day_low_pct,avg_abs_return,std_return,max_positive_return,max_negative_return,positive_count,negative_count,win_rate,directional_consistency,earnings_count,market_cap_usd,shares_outstanding,float_shares,float_percent,avg_volume_10d,avg_volume_3m,dollar_volume_daily,liquidity_score,currency,exchange,week_52_high,week_52_low,price_day_before,position_in_range,distance_from_high_pct,distance_from_low_pct,weeks_since_high,weeks_since_low,eps_actual,eps_estimate,eps_difference,surprise_percent,volatility_20d,volatility_60d,volatility_252d,volatility_data_points_20d,volatility_data_points_60d,volatility_data_points_252d,volume_avg_20d,volume_avg_60d,volume_avg_252d,day_before_volume,volume_trend_ratio,volume_data_points_20d,volume_data_points_60d,volume_data_points_252d,momentum_20d,momentum_60d,momentum_252d,relative_strength,momentum_data_points_20d,momentum_data_points_60d,momentum_data_points_252d,eps_revisions_up_last_7d,eps_revisions_down_last_7d,eps_revisions_up_last_30d,eps_revisions_down_last_30d,eps_trend_current,eps_trend_7days_ago,eps_trend_30days_ago,eps_trend_60days_ago
CANTA.ST,2026-02-20,17:00,4.400000095367432,86.78500880455799,5.070000171661377,100.0,1,1,0,1,5.050000190734863,4.46999979019165,5.230000019073486,4.335000038146973,-11.485156012614183,3.5643529017853353,-14.158418328373282,6.801125674674605,6.9149329275027185,5.887452803957377,-10.199007158606834,2,2,0.5,0.0,4,108767590.4,248611655.0,242769281.0,97.64999995675987,1399358.8,3562264.621212121,706676.220690651,30.930198866770414,SEK,STO,6.199999809265137,1.0260000228881836,5.059999942779541,0.7796675853201241,18.38709518639027,393.17737133530204,3.7142857142857144,36.142857142857146,-0.13,-0.19,0.06,31.58,0.42999417752106806,0.7846002401912487,2.666964445946275,20,60,252,2143393.0,3598324.0,3022001.1706349207,1033197.0,0.7092627960662485,20,60,252,-17.21311033300666,59.305995873628824,223.92560239305573,0.26484687431823556,20,60,252,,,,,-0.63,,,
CATE.ST,2026-02-20,17:00,482.3999938964844,103.07692177275307,468.0,100.0,1,1,1,0,460.79998779296875,491.0,491.0,465.0,6.553822267156767,6.553822267156767,0.9114610065741275,2.234664492914369,2.9261125261370533,7.518078586714435,-6.955525884265219,12,11,0.5,0.0,24,3302542745.6,66396114.0,49183224.0,74.07545568103579,86867.1,69297.33333333333,4002835.86196106,56.24985919034891,SEK,STO,486.8831787109375,376.04095458984375,462.3999938964844,0.7791168031083033,5.028554257979159,22.96532817837205,33.142857142857146,45.0,,,,,0.22881639772801057,0.24657104330239626,0.24769836342786744,20,60,252,79768.35,71645.66666666667,76558.60317460318,53909.0,1.0419253577299017,20,60,252,-0.6896578032394935,3.087245591268177,-2.4765835846959834,-1.2465743576537338,20,60,252,,,,,26.17245,,,
CLS-B.ST,2026-02-20,17:00,5.480000019073486,96.30931395368813,5.690000057220459,0.0,0,0,0,1,8.539999961853027,5.190000057220459,6.320000171661377,5.050000190734863,-39.22716533485415,-25.995313818595733,-40.86650804107143,,,,,0,0,,,0,13141296.8,25663594.0,27787200.0,108.27478021979306,123161.4,124326.5303030303,105179.83513017654,11.642983546086423,SEK,STO,11.819999694824219,2.549999952316284,8.479999542236328,0.6396979239090813,28.25719322184434,232.54900787482558,23.857142857142858,45.0,,,,,0.4706204418038012,0.5879624025233912,1.0700233124643344,20,60,252,86129.25,84771.21666666666,166330.45634920636,234493.0,0.5178200787183193,20,60,252,8.51334289754375,25.58823121047774,115.65656261582266,0.22124322763658794,20,60,252,,,,,,,,
KLAR.ST,2026-02-20,17:00,0.7760000228881836,98.47716181435936,0.7879999876022339,0.0,0,0,0,0,0.7739999890327454,0.7599999904632568,0.800000011920929,0.75,-1.8087853705248866,3.3591761313427644,-3.100773820777148,,,,,0,0,,,0,19186139.2,245976152.0,211455859.0,85.96600006979538,675151.2,805135.196969697,52256.70213954448,10.57727107696228,SEK,STO,1.7000000476837158,0.39576399326324463,0.828000009059906,0.33140934444472375,51.294118480286365,109.21559898177932,52.0,35.142857142857146,,,,,0.8714708555427245,1.055092994240149,0.962223544175015,20,60,252,728850.35,800403.0833333334,699150.0357142857,777764.0,1.0424806018287205,20,60,252,-19.206682091286815,38.214283167403586,-51.012660252553175,-0.7491137097773874,20,60,252,,,,,,,,
PIERCE.ST,2026-02-20,17:00,10.199999809265137,103.2388632704214,9.880000114440918,0.0,0,0,0,0,9.960000038146973,10.0,10.5,8.819999694824219,0.4016060411629196,5.421686343221065,-11.44578653570816,9.020757921357912,12.358159814065775,36.08247493630783,-17.02325510424237,8,9,0.47058823529411764,0.05882352941176472,17,75087897.6,79374100.0,49138918.0,61.90800021669537,503866.0,373891.1515151515,501850.53792209626,27.512583275238182,SEK,STO,14.550000190734863,7.860000133514404,9.819999694824219,0.29297452085884573,32.508594047459944,24.9363807635643,8.142857142857142,34.285714285714285,0.13,0.18,-0.04999999999999999,-30.0,0.4849293075840155,0.4512326260866769,0.6059971640097981,20,60,252,379516.3,344663.4166666667,230305.62301587302,851374.0,1.6478811721146867,20,60,252,-25.112782742023,-13.013098654486289,13.698627601729068,-0.9499563775895148,20,60,252,,,,,0.97,,,
SOLT.ST,2026-02-20,17:00,0.09179999679327011,114.17910399352058,0.0803999975323677,0.0,0,0,1,0,0.08049999922513962,0.09099999815225601,0.09880000352859497,0.07370000332593918,13.043477053646125,22.73292481938358,-8.44719995609248,,,,,0,0,,,0,11812550.4,1322793927.0,187933113.0,14.207285743004475,11171077.0,17229963.227272727,89927.1689843975,10.407033309190245,SEK,STO,4.926000118255615,0.07370000332593918,0.07370000332593918,0.0,98.50385705325485,0.0,50.714285714285715,0.0,,,,,1.371148079730649,0.9618874163892647,1.4376098538223152,20,60,252,26319526.25,18282151.416666668,5959694.845238095,12359767.0,4.416254008547062,20,60,252,-42.907803029902716,-59.669338299590834,-95.08246787047419,0.6275535294358915,20,60,252,,,,,,,,
SPEONE.ST,2026-02-20,17:00,0.15299999713897705,103.3783751129669,0.14800000190734863,0.0,0,0,1,0,0.1550000011920929,0.15850000083446503,0.15850000083446503,0.1315000057220459,2.258064268034779,2.258064268034779,-15.161287283426045,,,,,0,0,,,0,6174645.2,374220904.0,258923443.0,69.18999987237486,419605.7,287573.36363636365,6503.888400020898,0.0,SEK,STO,0.3199999928474426,0.14000000059604645,0.15150000154972076,0.06388889693735593,52.65624845749694,8.214286360509538,36.285714285714285,15.0,,,,,0.5615660577331614,0.7622721229424002,0.7427878127134178,20,60,252,299030.95,248888.76666666666,389347.98412698414,475802.0,0.768030045591484,20,60,252,-2.5157190855485068,-11.68091376125165,-41.509430355005286,0.2814038559756613,20,60,252,,,,,,,,
SYNSAM.ST,2026-02-20,17:00,67.0,101.51515151515152,66.0,100.0,1,1,1,0,61.79999923706055,68.0999984741211,68.0999984741211,64.19999694824219,10.194173648601812,10.194173648601812,3.8834914899843516,5.551159772738582,6.819450654762729,6.688962169179651,-19.060663236091802,7,7,0.5,0.0,14,989632307.2,142268140.0,120251446.0,84.52450843878327,293589.5,212820.72727272726,1814383.0876008987,46.53297626663989,SEK,STO,68.69999694824219,39.4677734375,61.5,0.753696568938851,10.480345368379835,55.82333292094519,6.0,45.285714285714285,0.85,0.73,0.12,16.44,0.3122270544598379,0.254085749539127,0.3105131554616827,20,60,252,215325.65,201763.66666666666,257003.22619047618,250236.0,0.8378324785713501,20,60,252,-8.172367853337876,-1.9047631157769098,24.327855964629354,-0.07829556038749466,20,60,252,,,,,3.82,,,
ARCT.ST,2026-02-19,17:00,7.949999809265137,100.0,7.949999809265137,100.0,1,1,0,0,7.949999809265137,8.050000190734863,8.5,7.949999809265137,1.2578664637599553,6.918241558872476,0.0,,,,,0,0,,,0,32602214.4,40002719.0,,,141881.9,187026.27272727274,112796.1077938175,16.68190632837157,SEK,STO,12.199999809265137,2.3450000286102295,7.900000095367432,0.5636732816231528,35.24589984527807,236.886993560055,5.0,49.0,,,,,1.1979802458609583,1.596381813035021,1.7081747678007844,20,60,252,193575.1,203250.01666666666,111483.41666666667,53908.0,1.7363577991046502,20,60,252,-13.11475256058959,70.60085986226159,141.64133439039486,0.4984481413290699,20,60,252,,,,,,,,
ASMDEE-B.ST,2026-02-19,17:00,110.0199966430664,93.23728529073423,118.0,0.0,0,0,0,1,108.73999786376953,110.37999725341797,118.0,106.0,1.5081841289927593,8.515727715786314,-2.519770018022463,3.9406857458661677,4.647197038559251,7.316247469792435,-3.989681227767007,2,1,0.6666666666666666,0.33333333333333326,3,2644926464.0,224692028.0,163107688.0,72.59166667007875,358086.2,353707.1212121212,3893829.2623045347,54.9727322693267,SEK,STO,133.47999572753906,85.08999633789062,108.58000183105469,0.485430993788957,18.65447609641113,27.606071811174765,36.0,44.857142857142854,2.94,2.99,-0.050000000000000266,-1.57,0.22791627789028998,0.24109222109260475,0.30623742782299745,20,60,252,359448.3,369968.9166666667,415391.5515873016,441824.0,0.865324050589064,20,60,252,8.39314014609165,-6.226286027687545,3.266851578647028,-1.905898042134553,20,60,252,,,,,5.90414,,,
CINT.ST,2026-02-19,17:00,3.4240000247955322,117.90633516085332,2.9040000438690186,0.0,0,0,1,0,2.2799999713897705,3.444000005722046,3.562000036239624,2.7260000705718994,51.05263372537505,56.22807372529975,19.561408104328628,13.528194274715256,16.962104946430944,22.169568417922086,-38.96907217846281,9,10,0.47368421052631576,0.052631578947368474,19,126939558.4,354976383.0,298169512.0,83.99699987928493,2586547.5,2319295.909090909,589732.8225998282,30.9497167963809,SEK,STO,8.899999618530273,2.2279999256134033,2.2279999256134033,0.0,74.96629189764695,0.0,32.0,0.0,0.03,-0.02,0.05,250.0,0.6830068273731742,0.582578576922379,0.6495160849914137,20,60,252,1859237.45,2337108.1166666667,1160027.011904762,2512285.0,1.6027535832524589,20,60,252,-14.542729158190282,-26.070042490147454,-73.14487593808867,0.3564165248186855,20,60,252,,,,,0.1,,,
GOMX.ST,2026-02-19,17:00,22.450000762939453,100.67265260542978,22.299999237060547,100.0,1,1,0,1,21.149999618530273,22.200000762939453,22.899999618530273,21.5,4.964544507552785,8.2742318277243,1.6548481691842618,4.533007409513498,5.034123851415843,6.746034432906289,-8.018153588460024,5,10,0.3333333333333333,0.33333333333333337,15,299625292.8,140669159.0,109505078.0,77.8458325751418,408747.7,650649.1818181818,864501.3699075127,37.08659851534991,SEK,STO,25.200000762939453,3.759999990463257,20.799999237060547,0.7947760556274116,17.460322986774656,453.1914704738563,2.857142857142857,52.57142857142857,,,,,0.4999406167432426,0.5656719890023911,0.9843015960553986,20,60,252,659515.45,667367.6666666666,990399.4047619047,302044.0,0.665908568633025,20,60,252,-8.043479919433594,42.13709311738763,392.4330440706327,0.10737396800307039,20,60,252,,,,,,,,
LUG.ST,2026-02-19,17:00,717.0,101.19971771347917,708.5,0.0,0,0,0,0,704.0,714.0,717.5,700.0,1.4204545454545454,1.9176136363636365,-0.5681818181818182,2.115389005245515,2.542318893353515,5.405411711982054,-4.420541274086283,11,12,0.4782608695652174,0.04347826086956519,23,17475692134.4,241710818.0,100125736.0,41.42377111147752,181566.5,317341.51515151514,12782281.6,69.97529643316888,SEK,STO,814.0,276.0499572753906,690.5,0.7704247788986182,15.17199017199017,150.13588366947263,5.0,50.0,0.97,0.99,-0.020000000000000018,-1.77,0.6195647358618014,0.5066522798648383,0.5270105916123098,20,60,252,335409.7,307456.6666666667,292567.6904761905,154483.0,1.146434520688456,20,60,252,-9.395109395109396,-8.472411433330752,143.19519746699783,-0.05916686860453813,20,60,252,,,,,4.24024,,,
OVZON.ST,2026-02-19,17:00,57.099998474121094,100.17543591951068,57.0,100.0,1,1,0,0,50.900001525878906,57.0,58.900001525878906,55.20000076293945,11.984279550600196,15.717091866750904,8.447935379479928,6.943242677395199,9.61415501778354,27.372262678451737,-28.27224991018438,7,16,0.30434782608695654,0.3913043478260869,23,616763750.4,111530516.0,90140078.0,80.82099969841437,333479.4,537114.1818181818,1697410.1968849183,43.77929415538384,SEK,STO,57.79999923706055,17.260000228881836,50.5,0.8199309468264216,12.629756632210972,192.58400539008318,4.0,52.57142857142857,0.81,0.3,0.51,170.0,0.31763069923084847,0.6141443567230929,0.818642984318554,20,60,252,379783.75,562298.8333333334,593648.2420634921,498849.0,0.6397454301892488,20,60,252,-7.956596332523786,49.486057757318704,183.72352291322085,0.2693506904975512,20,60,252,,,,,2.885,,,
SAXG.ST,2026-02-19,17:00,11.850000381469727,106.75675652454973,11.100000381469727,100.0,1,1,1,0,10.350000381469727,11.899999618530273,12.050000190734863,11.0,14.975837487268217,16.425118324717708,6.280189319548332,,,,,0,0,,,0,9286785.6,7199059.0,1665705.0,23.137815650628784,1806.3,2654.469696969697,1869.5205689048767,0.0,SEK,STO,11.800000190734863,6.980000019073486,10.100000381469727,0.647302956696955,14.406777811749057,44.699145470924854,21.142857142857142,26.571428571428573,,,,,0.3223095755167363,0.49860206840699756,0.5959160520216219,20,60,252,1593.5,2766.633333333333,3000.7579365079364,2549.0,0.5310325036928502,20,60,252,-3.271022747984962,10.81370677067911,23.214295851130522,0.46582101132964104,20,60,252,,,,,,,,
VPLAY-B.ST,2026-02-19,17:00,1.100000023841858,112.86681762514085,0.9746000170707703,0.0,0,0,1,0,1.1495000123977661,1.0800000429153442,1.2044999599456787,0.8741999864578247,-6.046104282978687,4.784684380575782,-23.949545278010685,13.33721258674396,21.17846368530311,27.49999571591622,-74.40879084577492,13,10,0.5416666666666666,0.08333333333333326,24,550220646.4,4546479972.0,3148540488.0,69.25226785096679,10946130.6,9802235.772727273,1258257.7260407568,41.88413865077597,SEK,STO,1.5820000171661377,0.5540000200271606,1.1239999532699585,0.5544746447754499,28.950699047184724,102.88807087314777,21.714285714285715,41.857142857142854,,,,,0.42999028343877355,0.3789201621789908,0.6549226507306606,20,60,252,12587392.3,9846436.45,18357863.611111112,9048873.0,0.6856676009065386,20,60,252,10.582011977580626,29.302588779241223,94.76448641792753,0.30921487454711477,20,60,252,,,,,0.02494,,,
WISE.ST,2026-02-19,17:00,16.850000381469727,113.85135246159126,14.800000190734863,0.0,0,0,1,0,11.899999618530273,17.5,20.0,13.899999618530273,47.05882824357067,68.06723227836649,16.80672322783665,,,,,0,0,,,1,12453599.2,7390860.0,3064990.0,41.47000484382061,1695.5,3750.818181818182,2017.644935321808,1.1435386140975154,SEK,STO,21.200000762939453,11.5,11.899999618530273,0.04123707083184383,43.86792834775211,3.4782575524371606,46.714285714285715,9.714285714285714,,,,,0.4237504737327079,0.8995602453747596,0.6814888004845133,20,60,252,1659.0,3846.6666666666665,2807.4246031746034,103.0,0.5909330559132459,20,60,252,-7.031254365574504,-10.861428625516039,-28.096675727437447,0.38657344131674093,20,60,252,,,,,,,,
ATIC.ST,2026-02-18,17:00,25.5,85.0,30.0,100.0,1,0,0,1,31.600000381469727,25.0,30.799999237060547,25.0,-20.886076904416665,-2.53164916060666,-20.886076904416665,3.669107327552774,3.6270252532274556,4.739341680903137,-7.453412022166216,3,8,0.2727272727272727,0.4545454545454546,11,65308889.6,22755710.0,10035396.0,44.10056201278712,61719.6,96065.98484848485,195033.93835441588,22.680769504248847,SEK,STO,38.5,6.360000133514404,31.600000381469727,0.7853142611327345,17.922076931247464,396.8553414795012,6.0,52.714285714285715,,,,,0.5196358816542072,0.7048418342846478,1.0238977994524963,20,60,252,60957.45,100802.35,126882.0,76451.0,0.48042630160306427,20,60,252,9.722226453416253,33.33333065070524,396.8553414795012,0.08399365503419087,20,60,252,,,,,,,,
AVEN.ST,2026-02-18,17:00,6.900000095367432,97.45762951584325,7.079999923706055,0.0,0,0,0,1,7.019999980926514,6.900000095367432,7.239999771118164,6.739999771118164,-1.7094000838336783,3.1339001536950772,-3.988606988164046,6.068470916155003,7.221399691454652,9.35412643853141,-18.595045844131604,10,14,0.4166666666666667,0.16666666666666663,24,25986273.6,37123249.0,9537705.0,25.69199964151845,35369.7,15543.454545454546,24829.529332537648,8.926612951645303,SEK,STO,12.899999618530273,7.28000020980835,7.28000020980835,0.0,43.56588817761704,0.0,36.857142857142854,0.0,-0.03,0.16,-0.19,-118.75,0.29237081317334773,0.3551732802295583,0.38732187548565783,20,60,252,22504.75,16054.433333333332,21126.40873015873,32939.0,1.0652425732857111,20,60,252,-12.903230577494732,-14.805823107760801,-12.010937605432776,1.232695031324103,20,60,252,,,,,,,,
BIOA-B.ST,2026-02-18,17:00,358.6000061035156,103.34294124020624,347.0,100.0,1,1,1,0,324.20001220703125,364.3999938964844,364.3999938964844,339.79998779296875,12.39974712393958,12.39974712393958,4.811836828672139,8.146023173348372,8.776270778701624,29.920742984131465,-1.7527689106400142,8,2,0.8,0.6000000000000001,10,2997855232.0,74241489.0,55733334.0,75.07033432478704,187174.2,205257.0606060606,6068187.792484132,57.552318005064215,SEK,STO,342.79998779296875,155.0,315.0,0.8519702364218706,8.109681675297587,103.2258064516129,4.714285714285714,44.714285714285715,-0.1,-0.48,0.38,79.38,0.476906742951862,0.4717859703766422,0.5436555863200553,20,60,252,169401.05,207659.83333333334,255848.6150793651,217255.0,0.6621143911506077,20,60,252,9.749498613950253,13.277427805457807,49.400927284346196,0.26876879717326807,20,60,252,,,,,0.58,,,
BRAV.ST,2026-02-18,17:00,102.80000305175781,103.47257637707501,99.3499984741211,100.0,1,0,0,0,93.6500015258789,103.30000305175781,104.0,99.0,10.304326074369854,11.051786765065895,5.712758555206958,4.618277085651355,6.043688176780492,6.674604902469834,-16.58416552561464,15,8,0.6521739130434783,0.30434782608695654,23,2170399539.2,204561699.0,201724962.0,98.61326093111889,474377.3,469023.69696969696,4442543.486884231,54.51479313949656,SEK,STO,96.9000015258789,78.5999984741211,94.0,0.8415299976903367,2.992777585358869,19.592877639748718,32.57142857142857,14.571428571428571,2.49,2.25,0.2400000000000002,10.53,0.22126799661458216,0.20056427659799686,0.2808467580051186,20,60,252,432905.15,489375.45,350389.02777777775,603014.0,1.2354985906538012,20,60,252,4.636873213272521,17.062501907348633,2.228764735124419,7.655586809343577,20,60,252,,,,,6.66817,,,
CAST.ST,2026-02-18,17:00,105.94999694824219,99.01868873667495,107.0,0.0,0,0,0,0,108.44999694824219,105.30000305175781,108.30000305175781,105.0,-2.9045587691327563,-0.13830696238374232,-3.181186763784512,2.4233491757050247,3.580593260948376,9.82008745884085,-5.7240211739059195,10,12,0.45454545454545453,0.09090909090909094,22,5614884454.4,492102049.0,368771397.0,74.93799258698067,1276218.4,1202857.6818181819,13840588.158529053,64.40363534243063,SEK,STO,124.37271118164062,96.65645599365234,106.5,0.35515418441570956,14.370283490514533,10.184052275819118,33.42857142857143,44.714285714285715,2.32,1.98,0.33999999999999986,16.92,0.18751859656794265,0.19706911651280165,0.2459764451755831,20,60,252,1183647.5,1209195.3,1499308.75,1229935.0,0.7894621438046033,20,60,252,2.8937337554159472,2.3871928187864935,-7.390434308144601,-0.3230111681198081,20,60,252,,,,,8.64331,,,
CIBUS.ST,2026-02-18,17:00,151.0500030517578,100.03311460381312,151.0,0.0,0,0,0,0,151.82144165039062,150.82196044921875,152.57105548872678,148.07338252999185,-0.658326775392798,0.4937470163551375,-2.468728448139548,1.4446281296621608,1.8893413910566483,3.758155097823098,-3.831027427451135,8,8,0.5,0.0,16,1241141043.2,82086045.0,81105938.0,98.80600045963965,280401.6,294607.6515151515,4257097.515307617,51.41698963473296,SEK,STO,189.04957580566406,143.3816375732422,150.22227478027344,0.14979080448555812,20.53815823702437,4.770929752798309,32.857142857142854,8.0,,,,,0.20078034265631584,0.1986499332130074,0.20126087392816636,20,60,252,271607.25,304814.95,239652.47619047618,269134.0,1.1333379663647878,20,60,252,0.642264214000138,-6.526815023470298,-11.561271189898163,0.5645412962177725,20,60,252,,,,,0.98,,,
ISOFOL.ST,2026-02-18,17:00,0.5895000100135803,95.46558756038047,0.6175000071525574,0.0,0,0,0,1,0.6075000166893005,0.5885000228881836,0.6175000071525574,0.5515000224113464,-3.127570910147693,1.6460889199236395,-9.218105800743494,2.3109435537398175,3.658219358291358,11.200006871708673,-9.615383439750554,10,9,0.43478260869565216,0.13043478260869568,23,16346385.6,281107224.0,226555556.0,80.59399996066982,601939.4,488400.9393939394,36567.81955459476,8.192051525369294,SEK,STO,2.075000047683716,0.5799999833106995,0.5799999833106995,0.0,72.04819421772338,0.0,45.57142857142857,0.0,,,,,0.4343520267997456,0.37815837047495715,0.6261880102903624,20,60,252,528029.35,451647.6666666667,710901.9047619047,1172221.0,0.7427597907152149,20,60,252,-11.956519016170914,-12.965615379091084,-66.02348876389101,0.19637882853264374,20,60,252,,,,,-0.2,,,
KFAST-B.ST,2026-02-18,17:00,10.479999542236328,91.92982362211207,11.399999618530273,0.0,0,0,0,1,11.399999618530273,10.279999732971191,11.399999618530273,10.279999732971191,-9.824560728393044,0.0,-9.824560728393044,4.287834812879162,4.259067542867921,6.588584057525412,-7.162284505697102,2,7,0.2222222222222222,0.5555555555555556,9,260752768.0,223493168.0,82400331.0,36.86928407583358,125081.8,168972.77272727274,142593.247228508,28.535736719799104,SEK,STO,18.100000381469727,11.07800006866455,11.420000076293945,0.048704071830605065,36.90607825629981,3.087199905304049,52.42857142857143,44.714285714285715,,,,,0.17564558629711569,0.3048580204850648,0.37268778198200603,20,60,252,160880.45,168985.5,185018.75396825396,131147.0,0.8695359067632913,20,60,252,-8.653845859937638,-12.30769524207482,-35.227276298625334,0.3493797004838293,20,60,252,,,,,0.75,,,
LUND-B.ST,2026-02-18,17:00,543.0,99.72451790633609,544.5,100.0,1,0,0,0,545.5,542.0,549.0,539.5,-0.6416131989000917,0.6416131989000917,-1.0999083409715857,,,,,0,0,,,0,14011999846.4,152000000.0,44345377.0,29.17459013157895,122766.0,138750.5,6696885.3,66.01673009341582,SEK,STO,557.5,440.20001220703125,543.5,0.8806478989178617,2.5112107623318383,23.466602664332857,0.7142857142857143,44.714285714285715,,,,,0.11064932138086706,0.18429195507835777,0.19837340189618238,20,60,252,127248.6,142643.31666666668,137085.94047619047,120005.0,0.9282396105536509,20,60,252,6.647116324535679,6.96078431372549,1.9797076005842555,3.516066873547997,20,60,252,,,,,,,,
MVIR.ST,2026-02-18,17:00,1.4780000448226929,131.96428915447726,1.1200000047683716,0.0,0,0,1,0,1.0,1.4600000381469727,1.4880000352859497,1.0219999551773071,46.000003814697266,48.80000352859497,2.199995517730713,2.8461577922519075,3.810924144782422,4.751623067950196,-10.300429931130797,11,11,0.4782608695652174,0.04347826086956519,23,61467961.6,448671220.0,158905886.0,35.417000002808294,19563716.7,4102895.757575758,1956371.67,32.37829938772667,SEK,STO,2.369999885559082,0.35199999809265137,1.100000023841858,0.3706640572157363,53.586494643126606,212.50000846656891,52.42857142857143,8.714285714285714,-0.19,-0.37,0.18,49.2,3.2425222566879213,1.9718846860469044,1.3262573781282687,20,60,252,10261937.15,4372410.066666666,1357220.349206349,13568752.0,7.560995645254502,20,60,252,100.0,146.00245295467107,-53.05164571493557,-2.752081504486998,20,60,252,,,,,,,,
NREST.ST,2026-02-18,17:00,300.5,98.84868421052632,304.0,100.0,1,0,0,0,257.5,305.0,314.0,289.0,18.446601941747574,21.941747572815533,12.233009708737864,4.182826035397521,5.780054562970283,4.062501770830947,-12.357718584891703,2,3,0.4,0.19999999999999996,5,390685926.4,12725926.0,5307475.0,41.706002376565756,14884.8,11457.469696969696,383283.6,34.937135573953974,SEK,STO,283.0,109.7372055053711,264.5,0.8932257784831382,6.5371024734982335,141.03037687346068,0.8571428571428571,52.57142857142857,6.25,3.39,2.86,84.62,0.4360423900156965,0.37124249055551206,0.4057260956357394,20,60,252,13029.15,11134.133333333333,11794.551587301587,17955.0,1.104675315849025,20,60,252,-0.3868471953578337,3.8306451612903225,133.41649389767807,0.02871193095681395,20,60,252,,,,,16.52132,,,
OEM-B.ST,2026-02-18,17:00,123.19999694824219,96.85534583650374,127.19999694824219,0.0,0,0,0,1,126.5999984741211,121.0,129.39999389648438,117.80000305175781,-4.423379574736579,2.21168677417926,-6.951023324192322,2.6907501467388433,3.2892476117455884,9.615364637495327,-3.0973426171943115,13,4,0.7222222222222222,0.4444444444444444,18,1773085900.8,110874939.0,91252802.0,82.30245971093612,68055.6,90693.12121212122,861583.8856155395,46.3377329934693,SEK,STO,161.8000030517578,120.08000183105469,125.80000305175781,0.13710453147984647,22.2496905568562,4.763491949934196,11.428571428571429,45.0,1.04,1.25,-0.20999999999999996,-16.8,0.24465867482200332,0.3177328650098553,0.32705328790988264,20,60,252,99502.45,94229.66666666667,89251.42063492064,119851.0,1.1148556436654469,20,60,252,-5.803568286149537,-16.380446778168036,5.256589385622454,-3.116173925049381,20,60,252,,,,,5.13,,,
ORRON.ST,2026-02-18,17:00,6.360000133514404,113.47011796381261,5.605000019073486,0.0,0,0,1,0,5.934999942779541,6.324999809265137,6.380000114440918,5.599999904632568,6.571185682319432,7.497896814687581,-5.644482584275846,3.827853610815262,4.425473166168802,5.071693656312214,-11.42603795077655,8,14,0.36363636363636365,0.2727272727272727,22,197417536.0,285905187.0,147438446.0,51.56900004056239,1230625.8,1111545.1666666667,730376.4052583027,34.180096074379804,SEK,STO,6.849999904632568,3.927999973297119,6.065000057220459,0.7313484374199356,11.459851946585049,54.40427949212958,0.7142857142857143,44.714285714285715,-0.01,-0.02,0.01,30.47,0.7177395360233402,0.8571103089165335,0.5865420361056848,20,60,252,1151841.1,1133856.1833333333,647215.0277777778,859019.0,1.7796884351632924,20,60,252,20.97431261000009,40.50662819457756,-0.1178049408579875,-343.844900727957,20,60,252,,,,,-0.058,,,
SHOT.ST,2026-02-18,17:00,84.6500015258789,100.53444726121943,84.19999694824219,0.0,0,0,0,0,92.0999984741211,84.30000305175781,88.3499984741211,82.0,-8.46905054461535,-4.071661305242802,-10.966339458690722,5.0735255356143,5.502390051044828,9.537297255225434,-10.112363718431991,16,8,0.6666666666666666,0.33333333333333326,24,1884515123.2,215127300.0,166310613.0,77.30799996095335,315707.1,524359.4545454546,2907662.342826919,51.93783524344994,SEK,STO,98.05000305175781,63.090782165527344,90.44999694824219,0.7826036762018037,7.751153357439263,43.364836896353864,13.714285714285714,44.714285714285715,0.07,1.03,-0.96,-93.2,0.29325475782505783,0.35170195806911975,0.29909796998035004,20,60,252,334380.95,536986.4333333333,452325.84920634923,331532.0,0.7392479350598793,20,60,252,4.303505425855853,-4.806203127523418,17.397234043194626,-0.2762624860705077,20,60,252,,,,,6.76791,,,
VBG-B.ST,2026-02-18,17:00,360.79998779296875,100.50138935737291,359.0,0.0,0,0,0,0,359.79998779296875,362.79998779296875,367.0,337.0,0.8337965819293522,2.0011151893574226,-6.3368506299361,5.698349590567163,7.297023852258333,15.949632334756938,-17.321247794631216,10,13,0.43478260869565216,0.13043478260869568,23,913647923.2,22564048.0,17436823.0,77.27701607442069,21038.4,25333.121212121212,756961.6063183595,42.32008497948249,SEK,STO,413.20001220703125,243.39999389648438,361.6000061035156,0.6961130710295655,12.487900430569631,48.562044030823,5.714285714285714,37.0,4.44,4.65,-0.20999999999999996,-4.52,0.33151095633310695,0.3000337522009613,0.34343194124043347,20,60,252,21649.0,26331.983333333334,27804.115079365078,14327.0,0.7786257515552755,20,60,252,-9.14141722399779,-2.4932282403878725,12.068802121469085,-0.2065845653358332,20,60,252,,,,,19.8,,,
BAHN-B.ST,2026-02-17,17:00,51.0,99.60937351570468,51.20000076293945,0.0,0,0,0,0,53.599998474121094,50.70000076293945,52.599998474121094,50.29999923706055,-5.410443645034438,-1.8656716949027814,-6.156715169784636,3.958657887632235,4.258984347284161,8.022388890601059,-5.424205471059385,6,3,0.6666666666666666,0.33333333333333326,9,589456896.0,77565130.0,23333028.0,30.08185250253561,116825.4,103477.18461538461,626184.1261738586,39.21244517415968,SEK,STO,64.30000305175781,46.48678970336914,53.79999923706055,0.41054970771755434,16.32970966773573,15.731801615806951,24.571428571428573,44.285714285714285,0.09,0.59,-0.5,-84.65,0.2568349511594755,0.24950098180037053,0.2746920069029192,20,60,252,123099.1,102966.91666666667,92111.30555555556,107325.0,1.336416841098345,20,60,252,4.483429378686936,-2.5454573197798296,-0.8612303128911493,2.9556058137744037,20,60,252,,,,,2.462,,,
CAT-B.ST,2026-02-17,17:00,22.0,97.34513110025573,22.600000381469727,0.0,0,0,0,0,25.600000381469727,22.0,23.5,21.100000381469727,-14.06250128056852,-8.20312636788001,-17.57812473806553,5.13950060470524,7.08271511513567,16.267126715589463,-16.95402669904123,11,12,0.4583333333333333,0.08333333333333337,24,188182464.0,86007918.0,38829197.0,45.14607248137317,62603.8,84348.16923076923,160265.73038814546,27.34335648010805,SEK,STO,33.94824981689453,24.200000762939453,25.899999618530273,0.17439017470538398,23.707408310513266,7.024788437999743,40.142857142857146,12.0,-0.69,0.69,-1.38,-200.0,0.17874929995747324,0.23850603177813526,0.34825649398746283,20,60,252,54499.0,81448.31666666667,81689.11111111111,21772.0,0.6671513407199654,20,60,252,-7.913665165349978,-0.9671179741227766,-0.3576184132614063,2.704329358499356,20,60,252,,,,,1.455,,,
CS.ST,2026-02-17,17:00,76.80000305175781,101.18577273753024,75.9000015258789,0.0,0,0,1,0,75.9000015258789,77.0999984741211,78.0,74.0999984741211,1.5810236154383157,2.7667963529685533,-2.3715454750604748,4.414921970881006,7.152780467645352,22.756827895732357,-5.162739980421032,4,7,0.3333333333333333,0.33333333333333337,12,488219340.8,65444951.0,25821259.0,39.454929074666126,135380.7,108220.58461538462,1027539.5336574555,40.381365159459435,SEK,STO,168.29241943359375,64.70890808105469,78.69999694824219,0.13507061775082937,53.23616048000528,21.621580833449077,15.0,44.57142857142857,,,,,0.5793741126384033,0.5135956093266039,0.5494496263937586,20,60,252,141310.4,108465.66666666667,111696.20634920635,87337.0,1.2651315977393898,20,60,252,-35.89526980767031,-49.90203356642032,-15.229232264745038,3.276726804012386,20,60,252,,,,,1.073,,,
DRIL.ST,2026-02-17,17:00,3.950000047683716,92.07459400483418,4.289999961853027,0.0,0,0,0,1,4.190000057220459,3.9800000190734863,4.449999809265137,3.809999942779541,-5.011934016208139,6.205244594129076,-9.069215017934882,6.597515116274111,9.573219985772052,22.743679872558527,-6.250005268319941,2,3,0.3333333333333333,0.33333333333333337,6,17126400.0,44600000.0,44095128.0,98.868,15489.4,18529.123076923075,6490.0586886310575,2.803992996956069,SEK,STO,5.5345611572265625,3.5899999141693115,4.340000152587891,0.3856912406828721,21.583662565168606,20.89137204316957,42.285714285714285,18.571428571428573,,,,,0.4752434606372486,0.38072303921753387,0.43713867288158087,20,60,252,24784.15,19029.866666666665,20848.781746031746,14328.0,1.18875770785587,20,60,252,2.195125723934772,7.7120808284316045,-19.32051071462642,-0.3991654745748125,20,60,252,,,,,,,,
EG7.ST,2026-02-17,17:00,13.819999694824219,124.05744406559054,11.140000343322754,0.0,0,0,1,0,11.15999984741211,14.100000381469727,14.15999984741211,10.619999885559082,26.34409116716407,26.88172079765458,-4.8387094017590675,9.64551170807908,8.767654515114856,10.803325038372302,-21.728685164269642,3,12,0.2,0.6,15,134677363.2,88603526.0,27993398.0,31.593999994988913,160902.5,275970.8461538461,179567.1875448227,26.093805064878005,SEK,STO,18.780000686645508,10.399999618530273,11.5,0.1312649452581908,38.76464547641007,10.576927132860591,15.571428571428571,25.571428571428573,-21.95,-0.11,-21.84,-19854.55,0.4430455156704459,0.4738321350186924,0.5229284576976705,20,60,252,144999.95,186941.06666666668,259491.96825396825,96625.0,0.5587839615062252,20,60,252,-14.939024811305867,-11.428575321119542,-15.261960647212483,0.748827466227736,20,60,252,,,,,1.17087,,,
ENGCON-B.ST,2026-02-17,17:00,77.5,95.44335334076354,81.19999694824219,0.0,0,0,0,1,85.0,76.69999694824219,85.5,76.19999694824219,-9.76470947265625,0.5882352941176471,-10.352944766773897,6.568085056363686,7.973453529877336,15.343925160051361,-13.007280727887391,6,8,0.42857142857142855,0.1428571428571429,14,1086354124.8,117019049.0,49212308.0,42.05495465956145,180530.0,155369.86153846153,1534505.0,46.29134009083927,SEK,STO,112.25238037109375,72.69999694824219,83.9000015258789,0.2831688916922733,25.25770834568057,15.405784109744069,51.42857142857143,12.428571428571429,0.32,0.43,-0.10999999999999999,-24.71,0.3235530389600846,0.30760435812020165,0.3909658765649866,20,60,252,213667.1,161427.5,161564.45238095237,298472.0,1.3224883125663989,20,60,252,8.14249573807065,14.401072017168703,-20.05534426886373,-0.7180665574276187,20,60,252,,,,,2.19,,,
G5EN.ST,2026-02-17,17:00,61.599998474121094,94.76922842172476,65.0,0.0,0,0,0,0,83.19999694824219,63.79999923706055,66.69999694824219,53.0,-23.31730579659777,-19.831731496654346,-36.29807458650423,10.137086680225709,12.512186120082346,30.106022281183087,-17.557609797572542,9,14,0.391304347826087,0.21739130434782605,23,42087936.0,7971200.0,5319766.0,66.73732938578884,23469.6,20722.476923076923,195267.06483764647,20.39618152269211,SEK,STO,135.53834533691406,82.9000015258789,83.4000015258789,0.009498779099033497,38.46759651774737,0.6031362977043069,50.42857142857143,0.14285714285714285,-0.28,1.45,-1.73,-119.31,0.3444038680438206,0.31305979304106696,0.40301252287940836,20,60,252,23459.6,21385.85,27593.896825396827,22887.0,0.8501735057010248,20,60,252,-5.022832879590472,-6.935128044535864,-29.58225862858979,0.23443538005693065,20,60,252,,,,,5.135,,,
SEYE.ST,2026-02-17,17:00,58.400001525878906,91.60784553079044,63.75,0.0,0,0,0,1,72.0,58.25,65.0,57.75,-19.09722222222222,-9.722222222222223,-19.791666666666664,7.33067306775832,9.527259762257557,24.212815875370318,-19.777932740709147,9,13,0.4090909090909091,0.18181818181818177,22,218614630.4,37953933.0,32943255.0,86.79800061827585,255732.6,225458.27692307692,1841274.72,38.727336580800525,SEK,STO,89.6500015258789,41.70000076293945,72.3499984741211,0.6392074499166852,19.29727022566072,73.50119220722313,15.571428571428571,52.42857142857143,,,,,0.5054968364442499,0.47525352684801536,0.5593694160293108,20,60,252,211972.4,186736.76666666666,219753.30952380953,161070.0,0.9645925263165763,20,60,252,-10.503414877291451,-17.28891731664782,72.66186734459112,-0.23793659519727153,20,60,252,,,,,4.13,,,
SINCH.ST,2026-02-17,17:00,19.920000076293945,90.5454548922452,22.0,0.0,0,0,0,1,23.5,20.139999389648438,22.100000381469727,18.864999771118164,-14.297874937666224,-5.957445185235207,-19.723405229284406,14.9155088572722,17.294817318251425,37.96512509028487,-26.983157615806142,11,12,0.4782608695652174,0.04347826086956519,23,1665522278.4,771432266.0,596765063.0,77.3580636047702,3587421.2,3944518.676923077,8430439.82,55.91710768106501,SEK,STO,36.61000061035156,17.045000076293945,23.8799991607666,0.3493482697623589,34.77192362019662,40.0997304422352,29.285714285714285,44.57142857142857,0.31,0.22,0.09,38.89,0.4034711914965387,0.38877489244193575,0.5537256586179736,20,60,252,2996346.6,3800269.3333333335,4638184.126984127,3866493.0,0.6460171735243951,20,60,252,-10.714284679033513,-18.600625850816535,-4.935272440300642,3.768915713533221,20,60,252,,,,,2.72415,,,
SVEAF.ST,2026-02-17,17:00,37.18000030517578,100.32379635034565,37.060001373291016,0.0,0,0,1,0,37.70000076293945,37.2599983215332,37.540000915527344,36.5,-1.1671152055752456,-0.4244027696927671,-3.1830258319758444,2.4355862123929723,2.838070023634189,5.69582662504025,-1.922012584940387,2,2,0.5,0.0,4,747200000.0,200000000.0,70944000.0,35.472,262275.2,308558.0153846154,988777.5240100098,42.43222821736825,SEK,STO,45.97999954223633,29.579999923706055,37.720001220703125,0.4963415540448992,17.964328846818997,27.518598100040887,16.428571428571427,44.285714285714285,,,,,0.16122350611180605,0.23308227958954184,0.2583872311872181,20,60,252,258197.9,286416.68333333335,397967.5634920635,245961.0,0.6487913179013373,20,60,252,-9.722216766709604,-4.894043028708003,0.9100646333867691,-5.377687308312397,20,60,252,,,,,2.16478,,,
TRUE-B.ST,2026-02-17,17:00,10.239999771118164,75.79570390551862,13.510000228881836,0.0,0,0,0,1,14.779999732971191,9.954999923706055,13.760000228881836,9.954999923706055,-32.64546614640011,-6.901214631377448,-32.64546614640011,12.869278970144634,17.157469557485285,39.72068565698933,-31.933244572633207,9,8,0.5294117647058824,0.05882352941176472,17,375520896.0,288787209.0,268881406.0,93.10710364599285,1782389.4,2053188.0461538462,2634371.485605068,43.10237947121525,SEK,STO,81.81818389892578,14.279999732971191,14.59000015258789,0.004590002284559017,82.16777804477833,2.1708713264254276,50.285714285714285,0.2857142857142857,0.18,0.17,0.009999999999999981,9.09,0.6367399941153028,0.6068429104910046,0.5187025188221748,20,60,252,2354914.85,2104581.1666666665,1434405.0277777778,2492036.0,1.6417363327625134,20,60,252,-6.7507925725318945,-41.06858142770217,-77.94457596589616,0.5268946673809772,20,60,252,,,,,0.93918,,,
DIOS.ST,2026-02-16,17:00,70.94999694824219,103.19999556107955,68.75,100.0,1,0,1,0,67.80000305175781,70.30000305175781,71.44999694824219,68.44999694824219,3.6873154682478795,5.383471581406874,0.9586930195094188,1.6209766474747065,1.8761684295791456,4.388436810532152,-4.038480382016648,16,7,0.6666666666666666,0.33333333333333326,24,997458636.8,141785165.0,100250619.0,70.70600016581425,243788.6,301768.5,1652886.7823983764,46.16916980954076,SEK,STO,74.81867980957031,57.11528396606445,67.80000305175781,0.6035406528862561,9.380915001008502,18.707285237418724,52.42857142857143,44.285714285714285,,,,,0.2425251680598621,0.20837241321818803,0.2380960008167042,20,60,252,223947.05,301025.68333333335,258284.97619047618,1095648.0,0.8670541093913524,20,60,252,1.9548918071546053,6.387048783864648,-9.26369453025409,-0.6894710056560404,20,60,252,,,,,5.15,,,
RATO-B.ST,2026-02-16,17:00,35.0,97.22222222222221,36.0,0.0,0,0,0,1,38.2599983215332,34.939998626708984,36.52000045776367,34.52000045776367,-8.677469525542769,-4.547825248571009,-9.775217009522486,5.498401035035064,6.121363686183564,9.341701041050307,-10.243092010268528,10,8,0.5555555555555556,0.11111111111111116,18,1198231552.0,242748628.0,234994173.0,96.80556175996183,426942.8,366712.921875,1633483.0811390686,47.073635421829145,SEK,STO,41.15999984741211,26.059999465942383,38.2599983215332,0.8079469236677833,7.045679146330805,46.81503877824291,35.285714285714285,44.285714285714285,0.37,0.36,0.010000000000000009,2.62,0.3207717839193333,0.26611975855179687,0.3109060753463982,20,60,252,382496.8,369200.31666666665,487508.15873015876,502810.0,0.7845956896317632,20,60,252,-3.2861552240377603,3.685628020097768,14.15496534989791,0.26037704289571784,20,60,252,,,,,3.33996,,,
TRUE-B.ST,2026-02-16,17:00,14.970000267028809,101.49152723409362,14.75,0.0,0,0,0,0,14.59000015258789,14.779999732971191,15.289999961853027,14.539999961853027,1.3022589334901393,4.797805359453507,-0.3427017834951464,13.59221772243554,17.677544545805628,39.72068565698933,-31.933244572633207,8,8,0.5,0.0,16,375520896.0,288787209.0,268881406.0,93.10710364599285,1714083.9,2046331.046875,2500848.4362548445,42.87648302330017,SEK,STO,81.81818389892578,14.279999732971191,14.59000015258789,0.004590002284559017,82.16777804477833,2.1708713264254276,50.285714285714285,0.2857142857142857,0.18,0.17,0.009999999999999981,9.09,0.6428599750507862,0.6052825641199417,0.5183724334403761,20,60,252,2325083.25,2084846.5833333333,1426727.4523809524,1129694.0,1.629661815310172,20,60,252,-11.036582366119532,-42.468455041627735,-78.36957951592906,0.5418997435477599,20,60,252,,,,,0.93918,,,
ACCON.ST,2026-02-13,17:00,10.5600004196167,100.76336718391974,10.479999542236328,100.0,1,0,0,0,10.579999923706055,10.699999809265137,10.84000015258789,10.0,1.134214427451975,2.457469099780114,-5.482040906318715,6.507664282515197,9.272080310355292,24.77183311122379,-11.49825981571246,8,11,0.42105263157894735,0.1578947368421053,19,82627334.4,73121532.0,56551462.0,77.3390005012477,154370.4,224804.42424242425,163323.8820222473,23.135981849625626,SEK,STO,13.199999809265137,4.5,10.600000381469727,0.7011494845061353,19.69696564669993,135.55556403266058,5.714285714285714,52.0,,,,,0.6763268305996561,0.6534053357867093,0.6582614972923125,20,60,252,151867.95,201359.9,150735.35317460317,207849.0,1.0075138101417052,20,60,252,-11.980037264703483,-6.70194196345224,128.01724629616214,-0.052351867872142785,20,60,252,,,,,,,,
ADVE.ST,2026-02-13,17:00,17.280000686645508,90.28213812792032,19.139999389648438,0.0,0,0,0,1,19.139999389648438,17.100000381469727,19.700000762939453,16.100000381469727,-10.658302367982373,2.9258170906415146,-15.882962931664698,6.924574642033754,8.228349348089711,15.423385374388921,-10.132163682200716,4,3,0.5714285714285714,0.1428571428571428,7,71257152.0,43985898.0,16577845.0,37.68899977897461,38291.0,55103.969696969696,73288.97166290283,18.884327806530187,SEK,STO,28.899999618530273,9.441217422485352,18.719999313354492,0.47684288756544546,35.22491501573761,98.27950650485656,31.714285714285715,52.714285714285715,,,,,0.4812154178610974,0.5690552064314686,0.633682088037326,20,60,252,49658.15,55002.666666666664,98187.33333333333,37289.0,0.5057490443438054,20,60,252,-0.312507140139455,32.73231129252233,102.72808614770712,0.3186305957794086,20,60,252,,,,,,,,
DIOS.ST,2026-02-13,17:00,68.0999984741211,101.6417887673449,67.0,100.0,1,0,0,0,65.4000015258789,67.80000305175781,69.30000305175781,67.0,3.6697270181702075,5.963304946309012,2.446480790199938,1.531900544400989,1.8109787340652936,4.388436810532152,-4.038480382016648,15,7,0.6521739130434783,0.30434782608695654,23,997458636.8,141785165.0,100250619.0,70.70600016581425,153034.7,285329.07575757575,1000846.9613512421,43.99041549144517,SEK,STO,74.81868743896484,57.11528396606445,64.75,0.4312569639856224,13.457449981568601,13.367203143858623,52.142857142857146,44.0,,,,,0.20319816652427897,0.1951914783332521,0.23530730233819655,20,60,252,181540.95,285734.26666666666,254349.8492063492,188798.0,0.7137450663582634,20,60,252,-1.3574683023412688,3.3449484409059953,-11.848384851977201,-0.28231260907665456,20,60,252,,,,,5.15,,,
HAYPP.ST,2026-02-13,17:00,111.5999984741211,92.53731333841496,120.5999984741211,0.0,0,0,0,1,122.0,114.0,131.0,111.0,-6.557377049180328,7.377049180327869,-9.01639344262295,,,,,0,0,,,0,371766246.4,30623249.0,18406249.0,60.105474112168835,55091.0,42283.84848484849,672110.2,37.117644341742874,SEK,STO,182.60000610351562,76.5999984741211,119.0,0.399999985604917,34.83023218929187,55.35248351239005,21.857142857142858,52.0,0.84,0.74,0.09999999999999998,12.42,0.3371416994216939,0.36010261127054166,0.47186333303633177,20,60,252,50066.45,39001.083333333336,57560.857142857145,82759.0,0.8698002859085787,20,60,252,-3.3280483754407,-17.900407140620107,56.812333180549324,-0.3150795987155236,20,60,252,,,,,3.79324,,,
KARNEL-B.ST,2026-02-13,17:00,57.599998474121094,95.20660904813404,60.5,0.0,0,0,0,1,57.70000076293945,57.599998474121094,62.900001525878906,57.5,-0.1733141897678978,9.0121329188602,-0.3466217682754574,,,,,0,0,,,0,330341939.2,47186512.0,35034923.0,74.24774901777016,167514.1,112795.60606060606,966556.3697803116,38.079836439184376,SEK,STO,74.69999694824219,42.349998474121094,58.599998474121094,0.5023184162744073,21.552877017219146,38.370721571406726,5.0,42.0,,,,,0.2843182191285456,0.28896409078649865,0.37451194696250667,20,60,252,127132.1,100126.73333333334,75409.45634920635,293844.0,1.6858906847342365,20,60,252,-16.858790354026983,-17.571427481515066,23.31694728347741,-0.7535903936261129,20,60,252,,,,,,,,
KLARA-B.ST,2026-02-13,17:00,14.859999656677246,97.37876431058284,15.260000228881836,0.0,0,0,0,0,14.800000190734863,14.84000015258789,15.579999923706055,14.680000305175781,0.27027000903735277,5.270268398101028,-0.8108100271120583,2.1769036901543277,2.3383234734017124,2.6731504163489683,-2.9976018636213735,1,2,0.3333333333333333,0.33333333333333337,3,231828121.6,137228559.0,66482186.0,48.44631939915656,395188.8,622599.4393939395,584879.4315376282,34.05265688393018,SEK,STO,17.5,14.020000457763672,14.800000190734863,0.22413788378545174,15.428570338657924,5.5634786555178835,31.857142857142858,44.0,0.28,0.45,-0.17,-37.78,0.3597569749569778,0.288018043591387,0.27771780631704374,20,60,252,926162.95,661241.6833333333,394380.626984127,360432.0,2.3483986956521474,20,60,252,-13.853318231454864,-2.887136397581572,-9.975670864032384,0.2894177681815104,20,60,252,,,,,0.86,,,
LOGI-B.ST,2026-02-13,17:00,13.84000015258789,96.5132496884265,14.34000015258789,0.0,0,0,0,0,14.300000190734863,13.899999618530273,14.460000038146973,13.800000190734863,-2.797206761324065,1.1188800369091962,-3.496503449866776,0.936623922457931,0.3403453223409069,0.0,-1.3126399771224624,0,3,0.0,1.0,3,731121766.4,484507699.0,185414932.0,38.26872769672954,649766.5,769796.6818181818,929166.1073933125,42.04881016228321,SEK,STO,16.824399948120117,11.760698318481445,14.220000267028809,0.48567276044715346,15.479896395248929,20.9111898116005,28.142857142857142,44.0,,,,,0.23298971425267712,0.21789961220728943,0.31462300130473286,20,60,252,597943.55,799382.8166666667,1118227.6904761905,756557.0,0.5347243276951668,20,60,252,-1.5151533064255316,-5.1724120485240626,-10.358498166295199,0.4993399588903936,20,60,252,,,,,1.12106,,,
NCAB.ST,2026-02-13,17:00,45.380001068115234,106.32614982107211,42.68000030517578,0.0,0,0,1,0,38.84000015258789,44.779998779296875,45.58000183105469,38.31999969482422,15.293508247613138,17.353248331585586,-1.3388271259546443,6.934587702107103,9.298086892473538,19.176951860253205,-17.213460274282756,6,8,0.42857142857142855,0.1428571428571429,14,1009644646.4,186971240.0,176865444.0,94.59499974434571,309135.2,214068.45454545456,1200681.121517029,44.84429938359936,SEK,STO,68.05000305175781,38.86000061035156,40.0,0.03905444653308214,41.219694039430685,2.933606206235528,28.142857142857142,41.714285714285715,0.28,0.29611,-0.02,-5.4399999999999995,0.48376829180533776,0.3844499644067405,0.6097310179825578,20,60,252,290718.3,222015.43333333332,240085.09523809524,952940.0,1.2108969101630036,20,60,252,-16.65235745842921,-30.33183829132217,-40.56618047517061,0.7477124524919819,20,60,252,,,,,1.73874,,,
ACTI.ST,2026-02-12,17:00,0.03869999945163727,96.9924770612222,0.039900001138448715,0.0,0,0,0,0,0.038600001484155655,0.038600001484155655,0.039900001138448715,0.03799999877810478,0.0,3.3678746225610325,-1.5544110958056805,3.67868634423959,4.921500809006844,13.468010199274172,-11.822658369894269,4,18,0.16666666666666666,0.6666666666666667,24,12653122.4,2636067170.0,955419702.0,36.244133414855284,10031702.1,9689002.454545455,38722.371594860735,7.105991993512493,SEK,STO,0.3375000059604645,0.03819999843835831,0.03869999945163727,0.001670567994362751,88.5333336983198,1.3089032296317793,36.57142857142857,0.14285714285714285,,,,,0.21307606735999218,0.5848919342819512,1.2069985316181189,20,60,252,9252662.4,10397584.833333334,13336911.626984127,7004578.0,0.6937634932872614,20,60,252,-11.872142934115178,-38.42030411842386,-63.6534833252572,0.603585257417939,20,60,252,,,,,,,,
AMBEA.ST,2026-02-12,17:00,119.4000015258789,103.37662469773066,115.5,0.0,0,0,0,0,132.39999389648438,116.69999694824219,122.30000305175781,112.69999694824219,-11.858004283985899,-7.62839222834341,-14.879152459511769,5.960435227544255,6.89036692164013,12.922446166217785,-14.215679560276826,14,9,0.6086956521739131,0.21739130434782616,23,1027908096.0,82101290.0,72360793.0,88.13600005554115,267390.5,243511.9696969697,3540250.0567977903,49.633790824154175,SEK,STO,142.0,96.84381866455078,137.60000610351562,0.9025605406312287,3.0985872510453345,42.084448962237644,4.714285714285714,44.142857142857146,1.56,1.88,-0.32,-17.02,0.28180414459149966,0.259907246901223,0.2939916066424734,20,60,252,255362.6,244444.08333333334,204970.7380952381,247286.0,1.245849053250458,20,60,252,0.0,3.924640746248197,35.34576126439673,0.11103568308773225,20,60,252,,,,,10.48667,,,
BIOG-B.ST,2026-02-12,17:00,98.7750015258789,93.09613849803323,106.0999984741211,0.0,0,0,0,1,105.19999694824219,98.0999984741211,107.30000305175781,97.6500015258789,-6.749048174986405,1.9962035783601937,-7.1768019404770875,5.142308032039671,6.453075128641002,16.645967873588326,-11.253338513163472,11,11,0.4782608695652174,0.04347826086956519,23,1086483251.2,98497172.0,71931461.0,73.02896066904337,319049.3,297419.2878787879,3356398.5386338807,49.69101166282183,SEK,STO,124.42776489257812,88.99716186523438,109.0,0.5645638635991697,12.398972934937259,22.47581576259173,51.0,43.857142857142854,0.98,0.8,0.17999999999999994,22.5,0.36113641187740775,0.2637288001184174,0.28225342685614396,20,60,252,280790.0,302575.85,206660.40476190476,430259.0,1.3587024583809395,20,60,252,-6.0714312962123325,2.6341433641387195,-13.834525207579462,-0.19040359713216343,20,60,252,,,,,4.15,,,
CAMX.ST,2026-02-12,17:00,517.5,96.63865546218487,535.5,0.0,0,0,0,1,670.0,509.0,573.5,488.79998779296875,-24.029850746268657,-14.402985074626864,-27.04477794134795,5.856709674325394,7.45183915027671,13.838261360107234,-17.79209056247125,14,10,0.5833333333333334,0.16666666666666674,24,3038667366.4,59640184.0,36693027.0,61.52400032836921,87184.6,124121.01515151515,5841368.200000001,57.45734376219505,SEK,STO,733.5,505.0,691.0,0.8140043763676149,5.794137695978187,36.83168316831683,21.714285714285715,36.857142857142854,1.67,2.83298,-1.16,-41.05,0.32517321935096927,0.287632562716942,0.44868628017260936,20,60,252,90370.6,114576.85,110289.38095238095,144117.0,0.8193952964430804,20,60,252,-2.8281363306744014,9.746109746109747,11.019055509527755,0.8844777792146213,20,60,252,,,,,16.23333,,,
EMBRAC-B.ST,2026-02-12,17:00,54.83000183105469,106.63166819046839,51.41999816894531,0.0,0,0,1,0,45.904998779296875,54.470001220703125,55.54999923706055,49.5,18.658104060922142,21.010784695007032,7.831393783468453,7.96445274836115,9.951923836775906,12.57393933071143,-23.403828064319995,10,13,0.43478260869565216,0.13043478260869568,23,1786790912.0,214191466.0,140226840.0,65.46798647897577,1178729.6,946717.5454545454,5410958.08491211,54.35762651624727,SEK,STO,149.0,45.880001068115234,49.65999984741211,0.036656311272789364,66.6711410420053,8.238881192886073,51.857142857142854,0.7142857142857143,1.76,0.2,1.56,780.0,0.4640415290761699,0.7682804530222943,0.5805854581381409,20,60,252,1010878.85,984268.2,958259.0634920635,2227146.0,1.0549118589248514,20,60,252,-11.328958135226854,-49.21451588752421,-68.33045895427765,0.7202427239725611,20,60,252,,,,,6.07718,,,
FERRO.ST,2026-02-12,17:00,3.180000066757202,81.95876218976397,3.880000114440918,0.0,0,0,0,1,3.700000047683716,3.0,3.9800000190734863,2.5799999237060547,-18.918919963850588,7.567566696791175,-30.27027323091,,,,,0,0,,,1,31829232.0,107895694.0,90021693.0,83.43399969233248,550784.8,397409.0606060606,203790.37862634662,19.125750679062943,SEK,STO,4.300000190734863,0.9800000190734863,3.450000047683716,0.7439758737645502,19.76744431041255,252.04081434053666,2.5714285714285716,32.857142857142854,,,,,1.3694065265006716,1.0045609264642632,1.2113680960504334,20,60,252,784532.15,418821.9166666667,259846.32936507938,735467.0,3.0192158262037507,20,60,252,68.94976945250603,120.23810495257136,-0.5376338917391232,-223.64309021447377,20,60,252,,,,,-0.01,,,
FPAR-A.ST,2026-02-12,17:00,44.25,98.88268156424581,44.75,0.0,0,0,0,0,44.95000076293945,44.400001525878906,45.0,43.79999923706055,-1.2235800394335306,0.11123300603316216,-2.558401571434597,1.9977208509300102,2.365420858700681,4.846950655897122,-3.7878997637170384,12,11,0.5,0.0,24,888674611.2,181300000.0,45041208.0,24.84346828461114,110348.2,103250.37878787878,496015.1674188995,40.33986284217963,SEK,STO,63.652339935302734,45.25,46.5,0.06792614441395148,26.9469118538873,2.7624309392265194,52.714285714285715,2.0,,,,,0.281681138382273,0.2611092076931321,0.3161597236781176,20,60,252,89271.3,108534.05,130990.20238095238,147788.0,0.681511276243216,20,60,252,-4.157784007455659,-6.548851998148009,-29.382013593487123,0.22288642598680306,20,60,252,,,,,4.2157,,,
INSTAL.ST,2026-02-12,17:00,31.440000534057617,105.64516227236234,29.760000228881836,0.0,0,0,1,0,25.34000015258789,31.760000228881836,31.760000228881836,28.700000762939453,25.33543819114102,25.33543819114102,13.2596708370912,7.774688830169333,9.320103204416702,13.498104367405054,-22.539684352920133,10,13,0.43478260869565216,0.13043478260869568,23,961030144.0,268444207.0,245727845.0,91.53777157128222,898954.4,499719.0606060606,2277950.4633169556,47.36828687740625,SEK,STO,35.793827056884766,21.8799991607666,26.639999389648438,0.34210572851844995,25.573760673003072,21.75502930282133,51.57142857142857,12.0,0.47,0.43022,0.04,9.25,0.45503558356214396,0.34770695585077327,0.4917857520210189,20,60,252,626075.1,490567.0333333333,570790.7222222222,252433.0,1.0968557750247634,20,60,252,-5.16466765055973,9.696968546005042,-19.161422836472816,-0.5060672492205195,20,60,252,,,,,2.25036,,,
IVSO.ST,2026-02-12,17:00,319.5,126.53465346534654,252.5,0.0,0,0,1,0,252.5,322.0,330.0,250.0,27.524752475247528,30.693069306930692,-0.9900990099009901,4.659097366403611,5.588967425698314,12.138725565925428,-10.759505149424228,12,11,0.5217391304347826,0.04347826086956519,23,1447731507.2,46179634.0,45999436.0,99.60978902517937,74545.7,103376.12121212122,1882278.925,48.675096110156076,SEK,STO,442.7344055175781,242.0,259.0,0.08468901958369725,41.49991580229317,7.024793388429752,47.57142857142857,11.0,3.59,2.63383,0.96,36.3,0.42109295522980744,0.39392384984750006,0.3919765209429359,20,60,252,97527.35,108142.2,100912.55952380953,68227.0,0.9664540316905667,20,60,252,-17.077175697865353,-11.558669001751314,-23.585787742650254,0.4900692369434724,20,60,252,,,,,8.86476,,,
NEOBO.ST,2026-02-12,17:00,20.059999465942383,107.27272004019508,18.700000762939453,0.0,0,0,1,0,18.860000610351562,20.100000381469727,20.15999984741211,18.700000762939453,6.574759973430615,6.8928907475592816,-0.8483554731397588,,,,,0,0,,,0,298460313.6,143352706.0,109921421.0,76.67899969743159,385021.1,375372.7727272727,726149.818099823,36.30890142076,SEK,STO,19.559999465942383,13.859999656677246,18.889999389648438,0.8824561230326912,3.4253583567859534,36.291485263839235,3.7142857142857144,43.857142857142854,,,,,0.22470892260183886,0.20885066463896845,0.3011251333753638,20,60,252,367985.25,370039.56666666665,434008.4246031746,657597.0,0.8478758225406768,20,60,252,-0.5798561253794714,7.464395613902192,5.363134146815766,1.391797297916555,20,60,252,,,,,,,,
NIBE-B.ST,2026-02-12,17:00,39.650001525878906,98.85315612696864,40.11000061035156,0.0,0,0,0,0,36.86000061035156,38.91999816894531,40.9900016784668,37.7599983215332,5.588707337175766,11.204560498448249,2.441664938358384,4.92982564018596,6.053245542398505,10.075695561255202,-13.349152116085122,8,15,0.34782608695652173,0.30434782608695654,23,8032008601.6,1782936128.0,1453536000.0,81.52484977857827,9108754.0,7305726.954545454,33574867.79995422,70.11803309194983,SEK,STO,47.632999420166016,31.781818389892578,37.68000030517578,0.3720973159046344,20.895176109309862,18.558352586770095,51.714285714285715,44.142857142857146,0.4572,0.44806,0.01,2.0399998999999998,0.353632589452371,0.3879988981138144,0.4083645740946305,20,60,252,8407704.35,7522664.05,7045333.178571428,9133571.0,1.193372142508783,20,60,252,1.2081341667431282,-3.1274603168715194,-18.576037849990946,0.16835992379683073,20,60,252,,,,,1.66946,,,
NMAN.ST,2026-02-12,17:00,147.1999969482422,107.44525324689211,137.0,0.0,0,0,1,0,142.60000610351562,145.60000610351562,147.39999389648438,134.60000610351562,2.1037867262237366,3.3660502016278753,-5.610097936596631,4.133032045088654,5.132639573694993,15.422865365814035,-6.666655778103273,14,10,0.5833333333333334,0.16666666666666674,24,506320640.0,35112389.0,24191032.0,68.89600135154575,44497.5,22642.227272727272,634534.3771591187,38.47765913782622,SEK,STO,227.95367431640625,141.0,145.39999389648438,0.0506015867768131,36.21511285899915,3.120563047152039,48.142857142857146,0.7142857142857143,,,,,0.24795930316558304,0.2748806571789821,0.31026971652457735,20,60,252,31592.95,21785.8,14213.769841269841,111994.0,2.2227002655037733,20,60,252,-11.318405847532247,-11.648072183339936,-28.91990424826269,0.40277008123357366,20,60,252,,,,,8.31,,,
RAY-B.ST,2026-02-12,17:00,167.60000610351562,89.43437116443779,187.39999389648438,0.0,0,0,0,1,175.39999389648438,168.39999389648438,194.8000030517578,166.8000030517578,-3.9908781320318534,11.06043889985693,-4.903073628270483,7.136506470474106,9.286202833305248,21.852731591448933,-13.338656955766986,10,13,0.43478260869565216,0.13043478260869568,23,634231296.0,30799536.0,28216779.0,91.6142989946342,170563.6,150470.5909090909,2991685.4398962404,46.3861312985517,SEK,STO,365.5,179.0,181.39999389648438,0.012868599981149463,50.36935871505216,1.3407787131197626,28.0,0.5714285714285714,2.0,1.63,0.37,22.700001,0.2769898977903556,0.28874222014017364,0.5535320092933145,20,60,252,133457.15,130019.78333333334,136934.50396825396,261948.0,0.9746057139180923,20,60,252,-20.272730047052555,-22.56070909647489,-30.117922746080815,0.749079187388867,20,60,252,,,,,7.62,,,
SEDANA.ST,2026-02-12,17:00,10.720000267028809,106.13861249645677,10.100000381469727,0.0,0,0,1,0,9.5600004196167,10.680000305175781,10.979999542236328,9.8100004196167,11.715479460240312,14.853546655770572,2.6150626467234357,10.741773207672198,14.169905937151768,29.945051724057752,-30.81632341657366,12,11,0.5217391304347826,0.04347826086956519,23,94568793.6,99336960.0,65629943.0,66.06800026898347,139397.2,151730.16666666666,133263.7290493393,22.956093803478552,SEK,STO,18.780000686645508,6.880000114440918,9.989999771118164,0.2613444963978761,46.80511498478234,45.20348263002857,52.142857142857146,44.142857142857146,-0.1,-0.09,-0.01,-11.1099996,0.4320580961686848,0.41786994894986434,0.7486158857584289,20,60,252,142407.45,152108.43333333332,363329.1984126984,162925.0,0.3919515707026723,20,60,252,-6.640618815435889,-2.647650542642645,-48.986123071621144,0.05404899135968761,20,60,252,,,,,-0.24,,,
STEF-B.ST,2026-02-12,17:00,191.5,99.22279792746113,193.0,0.0,0,0,0,0,199.0,190.0,196.0,187.0,-4.522613065326634,-1.507537688442211,-6.030150753768844,1.5663544679452885,1.8522284083962595,3.746377453538172,-2.494331065759637,5,6,0.45454545454545453,0.09090909090909094,11,641436262.4,30143066.0,17475229.0,57.97429166628238,30459.4,39848.21212121212,606142.06,39.51158630583909,SEK,STO,224.5,170.0,205.0,0.6422018348623854,8.68596881959911,20.588235294117645,51.714285714285715,43.857142857142854,0.3926,2.05,-1.66,-80.85,0.2267853718287301,0.2628627514466097,0.2511616818348679,20,60,252,26223.3,41181.65,24831.809523809523,7865.0,1.0560366120260496,20,60,252,3.6458333333333335,6.133333333333333,-10.15801354401806,-0.6037925925925925,20,60,252,,,,,14.27,,,
TIETOS.ST,2026-02-12,17:00,202.0,106.37177803708167,189.89999389648438,0.0,0,0,1,0,176.60000610351562,196.39999389648438,202.60000610351562,184.6999969482422,11.211770729703607,14.722536297512853,4.586631123884946,,,,,0,0,,,0,2417647820.8,118351578.0,74900838.0,63.28672525177485,13265.7,12605.09090909091,234272.27009674074,42.29792530730267,SEK,STO,218.2342071533203,160.815673828125,184.60000610351562,0.4142274436145173,15.41197481757523,14.789809792303336,47.142857142857146,29.0,,,,,0.32401404839862125,0.28007689593571716,0.32616783379781156,20,60,252,14160.65,12177.483333333334,17920.39285714286,20478.0,0.790197520382804,20,60,252,-12.139300446012127,-11.256278339941897,-16.0240973121838,0.702459434727925,20,60,252,,,,,,,,
VIMIAN.ST,2026-02-12,17:00,26.719999313354492,98.2352888377894,27.200000762939453,0.0,0,0,1,0,25.139999389648438,27.940000534057617,28.700000762939453,26.100000381469727,11.137634098599456,14.16070588592325,3.8186197896909095,6.486554874036731,8.167915947544097,20.058559789317016,-13.79629393336872,9,9,0.5,0.0,18,1408939622.4,525964772.0,139064686.0,26.43992400312316,296650.4,256394.80303030304,745779.0874938966,44.5128106018688,SEK,STO,47.0,26.299999237060547,26.5,0.009661872249663266,43.61702127659575,0.7604591967349672,50.857142857142854,0.14285714285714285,0.02425,0.02661,0.0,-8.870000000000001,0.249275747311702,0.3620811567776468,0.4544423057711915,20,60,252,235577.15,263999.2833333333,469826.4285714286,665760.0,0.5014131510573053,20,60,252,-19.680511174321065,-19.577737666102088,-37.384810873682504,0.523681602462889,20,60,252,,,,,0.11938,,,
WPTG-B.ST,2026-02-12,17:00,16.600000381469727,84.6938778489195,19.600000381469727,0.0,0,0,0,1,19.549999237060547,16.899999618530273,20.600000381469727,15.25,-13.554985790008226,5.370850053122832,-21.994881866333394,,,,,0,0,,,1,48389094.4,29570885.0,9336448.0,31.573109834217,30775.1,71554.12121212122,60165.3181520462,16.010432108336776,SEK,STO,24.200000762939453,5.699999809265137,18.600000381469727,0.6972972922816255,23.140496714552675,226.31580708539886,14.714285714285714,44.142857142857146,,,,,0.6062695114013166,0.6344322513543416,0.8435470451424135,20,60,252,49809.3,60679.88333333333,89973.93253968254,62314.0,0.5535970096453422,20,60,252,17.065858346819926,-2.2500038146972656,155.22192723888122,-0.014495399295194854,20,60,252,,,,,2.32,,,
XMR.ST,2026-02-12,17:00,0.014000000432133675,122.80701926375357,0.01140000019222498,0.0,0,0,1,0,0.009999999776482582,0.01360000018030405,0.015799999237060547,0.010200000368058681,36.000004842877495,57.99999590218058,2.0000059604646108,11.992665378914298,10.050433187891105,2.173910930837298,-25.284709784926342,1,5,0.16666666666666666,0.6666666666666667,6,1659863.1,1220487576.0,966296629.0,79.17300003715893,3551047.1,1953594.8333333333,3551.0470206279124,0.0,SEK,STO,0.017999999225139618,0.00839999970048666,0.009200000204145908,0.08333338992411758,48.88888555452397,9.523815859337468,28.857142857142858,0.7142857142857143,,,,,1.010775816496527,0.9676530733662806,0.8439872795346929,20,60,252,2150923.3,1961641.85,3747857.25,10399571.0,0.5739074773992525,20,60,252,6.382977880196843,-1.960790042737661,-39.39394042019017,0.04977389978822016,20,60,252,,,,,,,,
YUBICO.ST,2026-02-12,17:00,53.63999938964844,93.6125656262751,57.29999923706055,0.0,0,0,0,1,63.84000015258789,52.65999984741211,58.279998779296875,52.380001068115234,-17.512531764495268,-8.709275313285897,-17.95112634254607,10.905609567473856,13.81264706163813,25.732217573221757,-19.137466307277627,3,4,0.42857142857142855,0.1428571428571429,7,455815372.8,86426882.0,35040915.0,40.54399995593963,218613.5,255216.13636363635,1395628.5873357772,41.3531661842624,SEK,STO,258.0,61.400001525878906,66.9000015258789,0.02797558516117678,74.06976685043453,8.957654500516352,52.714285714285715,0.5714285714285714,0.04,0.51771,-0.48,-92.27,0.4570222174278358,0.4286260124751591,0.5545727057627214,20,60,252,203935.95,265372.65,248252.8650793651,321586.0,0.8214847789764795,20,60,252,-14.193549941820741,-31.502143516119553,-75.25581389434578,0.4186007948880401,20,60,252,,,,,3.01417,,,
CAMX.ST,2026-02-11,17:00,669.5,97.16981132075472,689.0,0.0,0,0,0,0,691.0,670.0,689.5,662.5,-3.039073806078148,-0.21707670043415342,-4.124457308248915,5.979215581640492,7.592229181757527,13.838261360107234,-17.79209056247125,14,9,0.6086956521739131,0.21739130434782616,23,3038667366.4,59640184.0,36693027.0,61.52400032836921,80354.7,123590.43939393939,5552509.77,57.237091255461486,SEK,STO,733.5,505.0,693.0,0.8227571115973742,5.521472392638037,37.227722772277225,21.571428571428573,36.714285714285715,1.67,2.83298,-1.16,-41.05,0.3078538576647171,0.28427633078331654,0.44761229110570966,20,60,252,88192.95,115193.11666666667,109855.55555555556,52084.0,0.8028082836047334,20,60,252,1.097293343087052,10.648518815052041,14.12056151940545,0.7541144026332176,20,60,252,,,,,16.23333,,,
DVYSR.ST,2026-02-11,17:00,99.9000015258789,93.89097753121831,106.4000015258789,0.0,0,0,0,1,107.0,101.80000305175781,107.5999984741211,98.0999984741211,-4.859810232002045,0.5607462374963493,-8.317758435400847,3.14772178121512,4.373458856055084,9.848484848484848,-7.194244604316546,4,5,0.4444444444444444,0.11111111111111116,9,157876672.0,16653657.0,11720178.0,70.376002099719,18686.3,25441.863636363636,199943.40999999997,27.38888650255683,SEK,STO,157.8000030517578,87.0,109.0,0.31073444988296206,30.925223135611468,25.287356321839084,20.571428571428573,43.42857142857143,0.58022,0.29333,0.29,97.800004,0.28240326872709787,0.3864791815219999,0.42490271862051987,20,60,252,17372.1,14694.766666666666,28879.98015873016,9875.0,0.6015274215743728,20,60,252,0.9433962264150944,-3.7769757765344787,-16.07843137254902,0.23490946902836393,20,60,252,,,,,1.71433,,,
LIAB.ST,2026-02-11,17:00,194.3000030517578,99.28462242293512,195.6999969482422,0.0,0,0,0,0,195.8000030517578,193.3000030517578,195.8000030517578,191.39999389648438,-1.2768130546653513,0.0,-2.2471956520400758,3.6319948855179582,4.847467014338841,11.350577648636849,-11.875941781682267,14,9,0.6086956521739131,0.21739130434782616,23,1328099532.8,77035932.0,68656734.0,89.12300042011564,48916.7,85110.87878787878,957789.000928192,45.29146594084148,SEK,STO,239.78875732421875,164.82386779785156,194.6999969482422,0.3985349586873249,18.803533943425037,18.12609396294003,15.0,43.714285714285715,1.7325,1.71,0.02,1.3200001,0.26984270966617757,0.26892185112671696,0.3389879305857171,20,60,252,81147.95,82533.15,136877.27777777778,34946.0,0.5928518693346959,20,60,252,-2.0999984741210938,-9.93559864358205,-0.13776249642889132,72.12121514297975,20,60,252,,,,,10.625,,,
